{"cameraMode":{"drawMode":0,"name":"Shaded","section":"Shading Mode"},"sceneLighting":true,"audioPlay":false,"sceneViewState":{"showFog":true,"showMaterialUpdate":false,"showSkybox":true,"showFlares":true,"showImageEffects":true,"showParticleSystems":true},"in2DMode":false,"pivot":{"x":1.2172584533691407,"y":0.5995690822601318,"z":-2.9732699394226076},"rotation":{"x":-0.07334976643323899,"y":0.8909871578216553,"z":-0.15552197396755219,"w":-0.4202207326889038},"size":7.711870193481445,"orthographic":false}