{"cameraMode":{"drawMode":0,"name":"Shaded","section":"Shading Mode"},"sceneLighting":true,"audioPlay":false,"sceneViewState":{"showFog":true,"showMaterialUpdate":false,"showSkybox":true,"showFlares":true,"showImageEffects":true,"showParticleSystems":true},"in2DMode":false,"pivot":{"x":8.64875602722168,"y":6.805820941925049,"z":1.3560781478881837},"rotation":{"x":-0.06180906295776367,"y":0.9293808341026306,"z":-0.1824120134115219,"w":-0.31491243839263918},"size":2.857884407043457,"orthographic":false}